<?xml version="1.0" encoding="ISO-8859-1"?>
<consumer xmlns:xsi="http://www.w3.org/2001/XMLSchema-instance"
	xsi:noNamespaceSchemaLocation="electricity_consumer.xsd">	
	<details>
		<consumerno>12322110</consumerno>
		<name>Seema Joshi</name>
		<emailid>seema.joshi@igate.com</emailid>
		<unitsconsumed>250</unitsconsumed>
	</details>
	<details>
		<consumerno>17531111</consumerno>
		<name>Amey Joshi</name>
		<emailid>amey.j@igate.com</emailid>
		<unitsconsumed>345</unitsconsumed>
	</details>
	<details>
		<consumerno>17533411</consumerno>
		<name>Pravin T</name>
		<emailid>pravin.t@gmail.com</emailid>
		<unitsconsumed>457</unitsconsumed>
	</details>
	<details>
		<consumerno>12432121</consumerno>
		<name>Manoj Kulkarini</name>
		<emailid>manoj.k@gmail.com</emailid>
		<unitsconsumed>780</unitsconsumed>
	</details>
	<details>
		<consumerno>12342111</consumerno>
		<name>Shrikant Shinde</name>
		<emailid>shrikant.shinde@gmail.com</emailid>
		<unitsconsumed>90</unitsconsumed>
	</details>
	<details>
		<consumerno>15432152</consumerno>
		<name>Mahesh B</name>
		<emailid>bMahesh@gmail.com</emailid>
		<unitsconsumed>720</unitsconsumed>
	</details>
</consumer>