<?xml version="1.0" encoding="utf-8"?>
<Account_Master xmlns:xsi="http://www.w3.org/2001/XMLSchema-instance" 
            xsi:noNamespaceSchemaLocation="Account_Master.xsd">
   <Account>
    <Account_No>10001</Account_No>
    <AccountHolder_Name>Rajesh Sharma</AccountHolder_Name>
    <AccountHolder_Address>Mumbai</AccountHolder_Address>
   </Account>
   <Account>
    <Account_No>10002</Account_No>
    <AccountHolder_Name>Aniket Vishwas</AccountHolder_Name>
    <AccountHolder_Address>Delhi</AccountHolder_Address>
   </Account>
   <Account>
    <Account_No>10003</Account_No>
    <AccountHolder_Name>Abhishek Kumar</AccountHolder_Name>
    <AccountHolder_Address>Pune</AccountHolder_Address>
   </Account>
   <Account>
    <Account_No>10004</Account_No>
    <AccountHolder_Name>Shivani Shah</AccountHolder_Name>
    <AccountHolder_Address>Gandhinagar</AccountHolder_Address>
   </Account>
   <Account>
    <Account_No>10005</Account_No>
    <AccountHolder_Name>Anjali Mishra</AccountHolder_Name>
    <AccountHolder_Address>Mumbai</AccountHolder_Address>
   </Account>
 </Account_Master>