<?xml version="1.0" encoding="utf-8"?>
<xs:schema xmlns:xs="http://www.w3.org/2001/XMLSchema">
  <!-- Simple Types -->
  <xs:simpleType  name="AccountNumberType">
    <xs:restriction base="xs:string">
      <xs:pattern value="[1][0-9]{4}" />
    </xs:restriction>
  </xs:simpleType>
  <!-- Simple Elements -->
  <xs:element name="Account_No" type="AccountNumberType" />
  <xs:element name="AccountHolder_Name" type="xs:string" />
  <xs:element name="AccountHolder_Address" type="xs:string" />
  
  <xs:element name="Account">
    <xs:complexType>
      <xs:sequence>
        <xs:element ref="Account_No"/>
        <xs:element ref="AccountHolder_Name"/>
        <xs:element ref="AccountHolder_Address"/>
      </xs:sequence>
    </xs:complexType>
  </xs:element>

  <xs:element name="Account_Master">
    <xs:complexType>
      <xs:sequence>
        <xs:element ref="Account" minOccurs="0" maxOccurs="unbounded"/>
      </xs:sequence>
    </xs:complexType>
  </xs:element>
</xs:schema>